0,1
-8.344980368770571,abandon
-8.344980368770571,abandonment
-8.344980368770571,able
-8.344980368770571,abortion
-8.344980368770571,absolute
-8.344980368770571,absolutely
-8.344980368770571,abuse
-8.344980368770571,abusive
-8.344980368770571,academic
-8.344980368770571,academically
-8.344980368770571,accept
-8.344980368770571,accident
-8.344980368770571,accidentally
-8.344980368770571,accidently
-8.344980368770571,accompaniment
-8.344980368770571,accompany
-8.344980368770571,accomplish
-8.344980368770571,accomplished
-8.344980368770571,accomplishment
-8.344980368770571,accountable
-8.344980368770571,accuse
-8.344980368770571,ache
-8.344980368770571,achieve
-8.344980368770571,acl
-8.344980368770571,acouple
-8.344980368770571,acquaintance
-8.344980368770571,act
-8.344980368770571,action
-8.344980368770571,active
-8.344980368770571,actively
-8.344980368770571,activity
-8.344980368770571,address
-8.344980368770571,adjust
-8.344980368770571,administer
-8.344980368770571,admire
-8.344980368770571,admit
-8.344980368770571,adopt
-8.344980368770571,adore
-8.344980368770571,adult
-8.344980368770571,advantage
-8.344980368770571,advice
-8.344980368770571,afraid
-8.344980368770571,aftermath
-8.344980368770571,afternoon
-8.344980368770571,afterward
-8.344980368770571,age
-8.344980368770571,aggravating
-8.344980368770571,ago
-8.344980368770571,agonize
-8.344980368770571,air
-8.344980368770571,airplane
-8.344980368770571,aisle
-8.344980368770571,alberta
-8.344980368770571,album
-8.344980368770571,alcohol
-8.344980368770571,ale
-8.344980368770571,alley
-8.344980368770571,allnighter
-8.344980368770571,allow
-8.344980368770571,alot
-8.344980368770571,aloud
-8.344980368770571,alright
-8.344980368770571,altogether
-8.344980368770571,amazing
-8.344980368770571,ambulance
-8.344980368770571,american
-8.344980368770571,amnesic
-8.344980368770571,amusement
-8.344980368770571,anger
-8.344980368770571,angry
-8.344980368770571,animal
-8.344980368770571,ankle
-8.344980368770571,anniversary
-8.344980368770571,announce
-8.344980368770571,annoy
-8.344980368770571,annoyance
-8.344980368770571,annoyed
-8.344980368770571,annual
-8.344980368770571,annually
-8.344980368770571,anticipate
-8.344980368770571,anxiety
-8.344980368770571,anxiousness
-8.344980368770571,anymore
-8.344980368770571,apart
-8.344980368770571,apartment
-8.344980368770571,apologize
-8.344980368770571,apparent
-8.344980368770571,appear
-8.344980368770571,appearance
-8.344980368770571,apply
-8.344980368770571,appreciated
-8.344980368770571,approach
-8.344980368770571,appropriate
-8.344980368770571,approximately
-8.344980368770571,april
-8.344980368770571,aquatic
-8.344980368770571,area
-8.344980368770571,argue
-8.344980368770571,argument
-8.344980368770571,arm
-8.344980368770571,arrive
-8.344980368770571,artist
-8.344980368770571,aside
-8.344980368770571,aspect
-8.344980368770571,assault
-8.344980368770571,assignment
-8.344980368770571,associate
-8.344980368770571,assumption
-8.344980368770571,athlete
-8.344980368770571,attach
-8.344980368770571,attachment
-8.344980368770571,attempt
-8.344980368770571,attend
-8.344980368770571,attract
-8.344980368770571,attraction
-8.344980368770571,august
-8.344980368770571,aunt
-8.344980368770571,australia
-8.344980368770571,authority
-8.344980368770571,automatically
-8.344980368770571,avatar
-8.344980368770571,avocado
-8.344980368770571,avoid
-8.344980368770571,aware
-8.344980368770571,awareness
-8.344980368770571,awe
-8.344980368770571,awful
-8.344980368770571,awhile
-8.344980368770571,awkward
-8.344980368770571,baby
-8.344980368770571,backlash
-8.344980368770571,backlog
-8.344980368770571,backpack
-8.344980368770571,backseat
-8.344980368770571,backwards
-8.344980368770571,backyard
-8.344980368770571,bad
-8.344980368770571,badly
-8.344980368770571,bail
-8.344980368770571,balcony
-8.344980368770571,ball
-8.344980368770571,balloon
-8.344980368770571,band
-8.344980368770571,bandit
-8.344980368770571,bank
-8.344980368770571,bar
-8.344980368770571,barbie
-8.344980368770571,barely
-8.344980368770571,base
-8.344980368770571,basement
-8.344980368770571,basically
-8.344980368770571,basis
-8.344980368770571,basketball
-8.344980368770571,batch
-8.344980368770571,bathing
-8.344980368770571,bathroom
-8.344980368770571,bathtub
-8.344980368770571,battle
-8.344980368770571,beach
-8.344980368770571,beanie
-8.344980368770571,bear
-8.344980368770571,beautiful
-8.344980368770571,bed
-8.344980368770571,bedroom
-8.344980368770571,bee
-8.344980368770571,beg
-8.344980368770571,begin
-8.344980368770571,beginning
-8.344980368770571,behave
-8.344980368770571,behaviour
-8.344980368770571,belief
-8.344980368770571,believe
-8.344980368770571,belly
-8.344980368770571,belong
-8.344980368770571,beloved
-8.344980368770571,bench
-8.344980368770571,bestfriend
-8.344980368770571,betray
-8.344980368770571,bf
-8.344980368770571,bicycle
-8.344980368770571,bid
-8.344980368770571,big
-8.344980368770571,bike
-8.344980368770571,billiard
-8.344980368770571,biology
-8.344980368770571,bird
-8.344980368770571,birth
-8.344980368770571,birthday
-8.344980368770571,bit
-8.344980368770571,bite
-8.344980368770571,black
-8.344980368770571,blame
-8.344980368770571,blanket
-8.344980368770571,bleach
-8.344980368770571,bleed
-8.344980368770571,block
-8.344980368770571,blown
-8.344980368770571,blue
-8.344980368770571,board
-8.344980368770571,boarding
-8.344980368770571,boat
-8.344980368770571,body
-8.344980368770571,bond
-8.344980368770571,bonding
-8.344980368770571,bone
-8.344980368770571,bonfire
-8.344980368770571,book
-8.344980368770571,bookshelf
-8.344980368770571,boom
-8.344980368770571,boot
-8.344980368770571,boots
-8.344980368770571,bored
-8.344980368770571,boring
-8.344980368770571,bother
-8.344980368770571,bothersome
-8.344980368770571,bottle
-8.344980368770571,bounce
-8.344980368770571,boy
-8.344980368770571,boyfriend
-8.344980368770571,bra
-8.344980368770571,brain
-8.344980368770571,brake
-8.344980368770571,break
-8.344980368770571,breakfast
-8.344980368770571,breakup
-8.344980368770571,breathing
-8.344980368770571,breathtaking
-8.344980368770571,breeze
-8.344980368770571,brick
-8.344980368770571,bridge
-8.344980368770571,brief
-8.344980368770571,briefly
-8.344980368770571,broom
-8.344980368770571,brother
-8.344980368770571,browse
-8.344980368770571,brush
-8.344980368770571,buck
-8.344980368770571,buffet
-8.344980368770571,build
-8.344980368770571,building
-8.344980368770571,bully
-8.344980368770571,bunkbed
-8.344980368770571,burn
-8.344980368770571,burritos
-8.344980368770571,bury
-8.344980368770571,bus
-8.344980368770571,butterfly
-8.344980368770571,buy
-8.344980368770571,bye
-8.344980368770571,cabin
-8.344980368770571,cafe
-8.344980368770571,calculus
-8.344980368770571,calendar
-8.344980368770571,california
-8.344980368770571,calling
-8.344980368770571,calmly
-8.344980368770571,camp
-8.344980368770571,camper
-8.344980368770571,campfire
-8.344980368770571,campground
-8.344980368770571,camping
-8.344980368770571,campsite
-8.344980368770571,campus
-8.344980368770571,canada
-8.344980368770571,canadian
-8.344980368770571,cancer
-8.344980368770571,candid
-8.344980368770571,cang
-8.344980368770571,canoe
-8.344980368770571,cantonese
-8.344980368770571,car
-8.344980368770571,card
-8.344980368770571,cardboard
-8.344980368770571,cardinal
-8.344980368770571,care
-8.344980368770571,career
-8.344980368770571,carefree
-8.344980368770571,careless
-8.344980368770571,caribbean
-8.344980368770571,carolina
-8.344980368770571,carpet
-8.344980368770571,carry
-8.344980368770571,cart
-8.344980368770571,case
-8.344980368770571,casket
-8.344980368770571,casual
-8.344980368770571,cat
-8.344980368770571,catch
-8.344980368770571,catering
-8.344980368770571,cd
-8.344980368770571,celebration
-8.344980368770571,celsius
-8.344980368770571,ceremony
-8.344980368770571,certain
-8.344980368770571,chair
-8.344980368770571,challenge
-8.344980368770571,challenging
-8.344980368770571,championship
-8.344980368770571,chance
-8.344980368770571,chant
-8.344980368770571,character
-8.344980368770571,charge
-8.344980368770571,chase
-8.344980368770571,chastise
-8.344980368770571,chat
-8.344980368770571,cheat
-8.344980368770571,check
-8.344980368770571,cheek
-8.344980368770571,cheer
-8.344980368770571,cherish
-8.344980368770571,cherry
-8.344980368770571,chicken
-8.344980368770571,child
-8.344980368770571,childhood
-8.344980368770571,chill
-8.344980368770571,chinese
-8.344980368770571,chocolate
-8.344980368770571,choir
-8.344980368770571,choose
-8.344980368770571,chorus
-8.344980368770571,christmas
-8.344980368770571,cinema
-8.344980368770571,circle
-8.344980368770571,city
-8.344980368770571,claim
-8.344980368770571,clarify
-8.344980368770571,classmate
-8.344980368770571,classroom
-8.344980368770571,clean
-8.344980368770571,clear
-8.344980368770571,climb
-8.344980368770571,climbing
-8.344980368770571,clip
-8.344980368770571,close
-8.344980368770571,closely
-8.344980368770571,closure
-8.344980368770571,clothe
-8.344980368770571,cloud
-8.344980368770571,club
-8.344980368770571,clutch
-8.344980368770571,co
-8.344980368770571,coast
-8.344980368770571,code
-8.344980368770571,coffee
-8.344980368770571,cold
-8.344980368770571,colleague
-8.344980368770571,collect
-8.344980368770571,collingwood
-8.344980368770571,color
-8.344980368770571,colour
-8.344980368770571,combination
-8.344980368770571,comeback
-8.344980368770571,comfort
-8.344980368770571,comfortably
-8.344980368770571,comforting
-8.344980368770571,comma
-8.344980368770571,comment
-8.344980368770571,commit
-8.344980368770571,common
-8.344980368770571,communicate
-8.344980368770571,communication
-8.344980368770571,community
-8.344980368770571,companionship
-8.344980368770571,company
-8.344980368770571,compatible
-8.344980368770571,compel
-8.344980368770571,competition
-8.344980368770571,competitive
-8.344980368770571,complete
-8.344980368770571,completely
-8.344980368770571,compliment
-8.344980368770571,compromise
-8.344980368770571,computer
-8.344980368770571,concentration
-8.344980368770571,concern
-8.344980368770571,concert
-8.344980368770571,concussion
-8.344980368770571,condition
-8.344980368770571,condo
-8.344980368770571,conducive
-8.344980368770571,confess
-8.344980368770571,confidence
-8.344980368770571,confident
-8.344980368770571,conflict
-8.344980368770571,conflicted
-8.344980368770571,confront
-8.344980368770571,confrontation
-8.344980368770571,confuse
-8.344980368770571,confused
-8.344980368770571,confusing
-8.344980368770571,congratulate
-8.344980368770571,connection
-8.344980368770571,conscious
-8.344980368770571,consciously
-8.344980368770571,consciousness
-8.344980368770571,consequently
-8.344980368770571,consider
-8.344980368770571,consist
-8.344980368770571,consistent
-8.344980368770571,consistently
-8.344980368770571,console
-8.344980368770571,contact
-8.344980368770571,contempt
-8.344980368770571,context
-8.344980368770571,continously
-8.344980368770571,continue
-8.344980368770571,continuously
-8.344980368770571,contrast
-8.344980368770571,contribute
-8.344980368770571,control
-8.344980368770571,controversial
-8.344980368770571,conversation
-8.344980368770571,convince
-8.344980368770571,cook
-8.344980368770571,cookie
-8.344980368770571,cool
-8.344980368770571,coral
-8.344980368770571,corner
-8.344980368770571,correct
-8.344980368770571,cottage
-8.344980368770571,couch
-8.344980368770571,counsellor
-8.344980368770571,counselor
-8.344980368770571,count
-8.344980368770571,counter
-8.344980368770571,counterpart
-8.344980368770571,countless
-8.344980368770571,country
-8.344980368770571,couple
-8.344980368770571,course
-8.344980368770571,cousin
-8.344980368770571,cover
-8.344980368770571,coworker
-8.344980368770571,coyote
-8.344980368770571,crack
-8.344980368770571,crap
-8.344980368770571,crash
-8.344980368770571,crawl
-8.344980368770571,crazy
-8.344980368770571,cream
-8.344980368770571,create
-8.344980368770571,creative
-8.344980368770571,crib
-8.344980368770571,cringe
-8.344980368770571,crowded
-8.344980368770571,crucial
-8.344980368770571,cruise
-8.344980368770571,crush
-8.344980368770571,cry
-8.344980368770571,crying
-8.344980368770571,cuba
-8.344980368770571,cube
-8.344980368770571,cuddle
-8.344980368770571,cue
-8.344980368770571,currently
-8.344980368770571,curricular
-8.344980368770571,cursive
-8.344980368770571,curtain
-8.344980368770571,cushioned
-8.344980368770571,customer
-8.344980368770571,cut
-8.344980368770571,cutter
-8.344980368770571,cycle
-8.344980368770571,dad
-8.344980368770571,daily
-8.344980368770571,damage
-8.344980368770571,dance
-8.344980368770571,dancer
-8.344980368770571,darkness
-8.344980368770571,date
-8.344980368770571,day
-8.344980368770571,daycare
-8.344980368770571,days
-8.344980368770571,dead
-8.344980368770571,deal
-8.344980368770571,dear
-8.344980368770571,death
-8.344980368770571,deathbed
-8.344980368770571,debate
-8.344980368770571,decade
-8.344980368770571,december
-8.344980368770571,decide
-8.344980368770571,deck
-8.344980368770571,deep
-8.344980368770571,deeply
-8.344980368770571,defend
-8.344980368770571,defender
-8.344980368770571,definitely
-8.344980368770571,degree
-8.344980368770571,denial
-8.344980368770571,depend
-8.344980368770571,dependent
-8.344980368770571,deposit
-8.344980368770571,depressing
-8.344980368770571,depression
-8.344980368770571,depth
-8.344980368770571,description
-8.344980368770571,desk
-8.344980368770571,despair
-8.344980368770571,desperate
-8.344980368770571,despite
-8.344980368770571,dessert
-8.344980368770571,destination
-8.344980368770571,destress
-8.344980368770571,destroy
-8.344980368770571,detach
-8.344980368770571,detail
-8.344980368770571,deteriorate
-8.344980368770571,determine
-8.344980368770571,devastate
-8.344980368770571,develop
-8.344980368770571,diagnose
-8.344980368770571,diagnosis
-8.344980368770571,diagonally
-8.344980368770571,dialogue
-8.344980368770571,die
-8.344980368770571,diet
-8.344980368770571,differently
-8.344980368770571,difficulty
-8.344980368770571,dining
-8.344980368770571,dinner
-8.344980368770571,directly
-8.344980368770571,disagreement
-8.344980368770571,disappoint
-8.344980368770571,discount
-8.344980368770571,discriminate
-8.344980368770571,discuss
-8.344980368770571,discussion
-8.344980368770571,disgust
-8.344980368770571,disgusting
-8.344980368770571,dislike
-8.344980368770571,dislocate
-8.344980368770571,disney
-8.344980368770571,disneyland
-8.344980368770571,display
-8.344980368770571,displeasure
-8.344980368770571,disrupt
-8.344980368770571,distance
-8.344980368770571,distant
-8.344980368770571,distinct
-8.344980368770571,distract
-8.344980368770571,distracted
-8.344980368770571,distraught
-8.344980368770571,distress
-8.344980368770571,distressing
-8.344980368770571,disturb
-8.344980368770571,division
-8.344980368770571,divorce
-8.344980368770571,dock
-8.344980368770571,doctor
-8.344980368770571,dog
-8.344980368770571,doodle
-8.344980368770571,door
-8.344980368770571,dorm
-8.344980368770571,doubt
-8.344980368770571,doubted
-8.344980368770571,down
-8.344980368770571,downfall
-8.344980368770571,downhill
-8.344980368770571,drab
-8.344980368770571,drama
-8.344980368770571,drank
-8.344980368770571,drastically
-8.344980368770571,dread
-8.344980368770571,dress
-8.344980368770571,dressed
-8.344980368770571,drift
-8.344980368770571,drink
-8.344980368770571,drinking
-8.344980368770571,drive
-8.344980368770571,driver
-8.344980368770571,driveway
-8.344980368770571,drop
-8.344980368770571,drunk
-8.344980368770571,drunken
-8.344980368770571,duck
-8.344980368770571,dull
-8.344980368770571,dumb
-8.344980368770571,dumpling
-8.344980368770571,dust
-8.344980368770571,dwell
-8.344980368770571,dynamic
-8.344980368770571,ear
-8.344980368770571,earbud
-8.344980368770571,early
-8.344980368770571,earplug
-8.344980368770571,earthquake
-8.344980368770571,easily
-8.344980368770571,easter
-8.344980368770571,eat
-8.344980368770571,echo
-8.344980368770571,edge
-8.344980368770571,education
-8.344980368770571,educational
-8.344980368770571,effect
-8.344980368770571,efficiently
-8.344980368770571,egg
-8.344980368770571,elbow
-8.344980368770571,eld
-8.344980368770571,elementary
-8.344980368770571,email
-8.344980368770571,embarasse
-8.344980368770571,embarassed
-8.344980368770571,embarrass
-8.344980368770571,embarrassed
-8.344980368770571,embarrassing
-8.344980368770571,embarrassment
-8.344980368770571,embed
-8.344980368770571,emergency
-8.344980368770571,emotion
-8.344980368770571,emotional
-8.344980368770571,emotionally
-8.344980368770571,empathy
-8.344980368770571,encouragement
-8.344980368770571,end
-8.344980368770571,engage
-8.344980368770571,england
-8.344980368770571,english
-8.344980368770571,enjoy
-8.344980368770571,enjoyable
-8.344980368770571,enrol
-8.344980368770571,entail
-8.344980368770571,enter
-8.344980368770571,entertainer
-8.344980368770571,entire
-8.344980368770571,entirely
-8.344980368770571,entrance
-8.344980368770571,epipen
-8.344980368770571,episode
-8.344980368770571,eqao
-8.344980368770571,equally
-8.344980368770571,er
-8.344980368770571,era
-8.344980368770571,erratic
-8.344980368770571,escalate
-8.344980368770571,essay
-8.344980368770571,essentially
-8.344980368770571,establish
-8.344980368770571,esteem
-8.344980368770571,estrangement
-8.344980368770571,etc
-8.344980368770571,eternal
-8.344980368770571,europe
-8.344980368770571,eve
-8.344980368770571,evening
-8.344980368770571,eventually
-8.344980368770571,everyday
-8.344980368770571,everytime
-8.344980368770571,evnt
-8.344980368770571,evoke
-8.344980368770571,ex
-8.344980368770571,exact
-8.344980368770571,exactly
-8.344980368770571,exam
-8.344980368770571,excel
-8.344980368770571,exchange
-8.344980368770571,excite
-8.344980368770571,excited
-8.344980368770571,exciting
-8.344980368770571,exclude
-8.344980368770571,exclusive
-8.344980368770571,exercise
-8.344980368770571,exhausting
-8.344980368770571,expect
-8.344980368770571,expectation
-8.344980368770571,experience
-8.344980368770571,experiential
-8.344980368770571,experiment
-8.344980368770571,explain
-8.344980368770571,explicit
-8.344980368770571,explore
-8.344980368770571,expose
-8.344980368770571,express
-8.344980368770571,expression
-8.344980368770571,extended
-8.344980368770571,extenuate
-8.344980368770571,extra
-8.344980368770571,extreme
-8.344980368770571,extremely
-8.344980368770571,eye
-8.344980368770571,face
-8.344980368770571,facial
-8.344980368770571,facility
-8.344980368770571,fact
-8.344980368770571,fade
-8.344980368770571,fail
-8.344980368770571,failure
-8.344980368770571,faint
-8.344980368770571,fair
-8.344980368770571,fairly
-8.344980368770571,fake
-8.344980368770571,fallout
-8.344980368770571,false
-8.344980368770571,familiar
-8.344980368770571,family
-8.344980368770571,famous
-8.344980368770571,fan
-8.344980368770571,far
-8.344980368770571,farm
-8.344980368770571,fast
-8.344980368770571,fate
-8.344980368770571,father
-8.344980368770571,fault
-8.344980368770571,favorite
-8.344980368770571,favourite
-8.344980368770571,feature
-8.344980368770571,feed
-8.344980368770571,felt
-8.344980368770571,female
-8.344980368770571,fence
-8.344980368770571,festival
-8.344980368770571,fiancee
-8.344980368770571,fidget
-8.344980368770571,field
-8.344980368770571,fifth
-8.344980368770571,fight
-8.344980368770571,figure
-8.344980368770571,filter
-8.344980368770571,final
-8.344980368770571,finally
-8.344980368770571,finger
-8.344980368770571,finish
-8.344980368770571,fire
-8.344980368770571,firecracker
-8.344980368770571,fish
-8.344980368770571,fishing
-8.344980368770571,fist
-8.344980368770571,fit
-8.344980368770571,fix
-8.344980368770571,flag
-8.344980368770571,flash
-8.344980368770571,flies
-8.344980368770571,flight
-8.344980368770571,flirtatious
-8.344980368770571,float
-8.344980368770571,floor
-8.344980368770571,floorwork
-8.344980368770571,flop
-8.344980368770571,florida
-8.344980368770571,flower
-8.344980368770571,flowery
-8.344980368770571,fluster
-8.344980368770571,fly
-8.344980368770571,focus
-8.344980368770571,focused
-8.344980368770571,fogginess
-8.344980368770571,following
-8.344980368770571,fond
-8.344980368770571,food
-8.344980368770571,foolish
-8.344980368770571,foot
-8.344980368770571,football
-8.344980368770571,forcefully
-8.344980368770571,foreign
-8.344980368770571,forest
-8.344980368770571,forever
-8.344980368770571,formula
-8.344980368770571,fort
-8.344980368770571,forth
-8.344980368770571,forward
-8.344980368770571,foul
-8.344980368770571,fourth
-8.344980368770571,fragment
-8.344980368770571,frame
-8.344980368770571,france
-8.344980368770571,freak
-8.344980368770571,freely
-8.344980368770571,freeze
-8.344980368770571,french
-8.344980368770571,frequency
-8.344980368770571,frequent
-8.344980368770571,frequently
-8.344980368770571,fresh
-8.344980368770571,friendship
-8.344980368770571,frosh
-8.344980368770571,froze
-8.344980368770571,fruit
-8.344980368770571,frustrate
-8.344980368770571,frustrated
-8.344980368770571,frustrating
-8.344980368770571,frustration
-8.344980368770571,fu
-8.344980368770571,fuel
-8.344980368770571,fun
-8.344980368770571,function
-8.344980368770571,fundraiser
-8.344980368770571,fundraising
-8.344980368770571,funeral
-8.344980368770571,funny
-8.344980368770571,furniture
-8.344980368770571,fuse
-8.344980368770571,fuzzy
-8.344980368770571,game
-8.344980368770571,garbage
-8.344980368770571,garden
-8.344980368770571,gas
-8.344980368770571,gather
-8.344980368770571,gathering
-8.344980368770571,gear
-8.344980368770571,gender
-8.344980368770571,general
-8.344980368770571,generally
-8.344980368770571,generic
-8.344980368770571,genuinely
-8.344980368770571,get
-8.344980368770571,gets
-8.344980368770571,getting
-8.344980368770571,ghana
-8.344980368770571,ghanaian
-8.344980368770571,ghost
-8.344980368770571,giant
-8.344980368770571,gift
-8.344980368770571,gig
-8.344980368770571,ginger
-8.344980368770571,girl
-8.344980368770571,girlfriend
-8.344980368770571,give
-8.344980368770571,glad
-8.344980368770571,gloomy
-8.344980368770571,goal
-8.344980368770571,goodbye
-8.344980368770571,got
-8.344980368770571,grab
-8.344980368770571,grade
-8.344980368770571,grading
-8.344980368770571,graduate
-8.344980368770571,graduation
-8.344980368770571,grand
-8.344980368770571,grandfather
-8.344980368770571,grandma
-8.344980368770571,grandmother
-8.344980368770571,grandpa
-8.344980368770571,grandparent
-8.344980368770571,grandparents
-8.344980368770571,grandson
-8.344980368770571,grant
-8.344980368770571,grape
-8.344980368770571,grass
-8.344980368770571,grateful
-8.344980368770571,grave
-8.344980368770571,great
-8.344980368770571,greatly
-8.344980368770571,green
-8.344980368770571,grey
-8.344980368770571,grief
-8.344980368770571,grilfriend
-8.344980368770571,grind
-8.344980368770571,grocery
-8.344980368770571,ground
-8.344980368770571,grounder
-8.344980368770571,group
-8.344980368770571,grow
-8.344980368770571,growth
-8.344980368770571,guess
-8.344980368770571,guilt
-8.344980368770571,guilty
-8.344980368770571,gun
-8.344980368770571,guy
-8.344980368770571,gym
-8.344980368770571,habit
-8.344980368770571,hair
-8.344980368770571,half
-8.344980368770571,halfway
-8.344980368770571,halloween
-8.344980368770571,hallway
-8.344980368770571,hand
-8.344980368770571,handle
-8.344980368770571,handling
-8.344980368770571,hang
-8.344980368770571,hangout
-8.344980368770571,happiness
-8.344980368770571,happy
-8.344980368770571,harassment
-8.344980368770571,hard
-8.344980368770571,hardwood
-8.344980368770571,harm
-8.344980368770571,harry
-8.344980368770571,hatred
-8.344980368770571,haunt
-8.344980368770571,having
-8.344980368770571,haze
-8.344980368770571,healing
-8.344980368770571,hear
-8.344980368770571,heart
-8.344980368770571,heartbreak
-8.344980368770571,hearts
-8.344980368770571,heat
-8.344980368770571,heater
-8.344980368770571,heavily
-8.344980368770571,heavy
-8.344980368770571,hell
-8.344980368770571,help
-8.344980368770571,helpless
-8.344980368770571,herb
-8.344980368770571,hesitantly
-8.344980368770571,hi
-8.344980368770571,hidden
-8.344980368770571,hide
-8.344980368770571,high
-8.344980368770571,highlight
-8.344980368770571,highly
-8.344980368770571,highschool
-8.344980368770571,highway
-8.344980368770571,hijab
-8.344980368770571,hike
-8.344980368770571,hiking
-8.344980368770571,hill
-8.344980368770571,hint
-8.344980368770571,history
-8.344980368770571,hit
-8.344980368770571,hold
-8.344980368770571,hole
-8.344980368770571,holiday
-8.344980368770571,home
-8.344980368770571,homeroom
-8.344980368770571,hometown
-8.344980368770571,homework
-8.344980368770571,honest
-8.344980368770571,hoodie
-8.344980368770571,hook
-8.344980368770571,hope
-8.344980368770571,hopeful
-8.344980368770571,hopefully
-8.344980368770571,hopeless
-8.344980368770571,horrible
-8.344980368770571,horribly
-8.344980368770571,hospice
-8.344980368770571,hospital
-8.344980368770571,hospitalize
-8.344980368770571,hot
-8.344980368770571,hotel
-8.344980368770571,hour
-8.344980368770571,house
-8.344980368770571,huddle
-8.344980368770571,hug
-8.344980368770571,huge
-8.344980368770571,hugh
-8.344980368770571,human
-8.344980368770571,humiliating
-8.344980368770571,humiliation
-8.344980368770571,hungry
-8.344980368770571,hurt
-8.344980368770571,hurtful
-8.344980368770571,husk
-8.344980368770571,ice
-8.344980368770571,icu
-8.344980368770571,idea
-8.344980368770571,ideal
-8.344980368770571,identity
-8.344980368770571,idk
-8.344980368770571,ignore
-8.344980368770571,ill
-8.344980368770571,image
-8.344980368770571,immature
-8.344980368770571,immediate
-8.344980368770571,immediately
-8.344980368770571,immense
-8.344980368770571,immobile
-8.344980368770571,impact
-8.344980368770571,impair
-8.344980368770571,impersonate
-8.344980368770571,implore
-8.344980368770571,impolite
-8.344980368770571,importance
-8.344980368770571,important
-8.344980368770571,impression
-8.344980368770571,improve
-8.344980368770571,impulsively
-8.344980368770571,in
-8.344980368770571,inadequate
-8.344980368770571,inappropriate
-8.344980368770571,incident
-8.344980368770571,inclined
-8.344980368770571,include
-8.344980368770571,inclusive
-8.344980368770571,incomplete
-8.344980368770571,inconsequential
-8.344980368770571,incorrect
-8.344980368770571,incorrectly
-8.344980368770571,increasingly
-8.344980368770571,incredible
-8.344980368770571,indefinite
-8.344980368770571,india
-8.344980368770571,indifferent
-8.344980368770571,individual
-8.344980368770571,induce
-8.344980368770571,inexperience
-8.344980368770571,infact
-8.344980368770571,inflatable
-8.344980368770571,influence
-8.344980368770571,inform
-8.344980368770571,infront
-8.344980368770571,initially
-8.344980368770571,initiate
-8.344980368770571,injection
-8.344980368770571,injure
-8.344980368770571,injury
-8.344980368770571,insect
-8.344980368770571,insecurity
-8.344980368770571,insensitive
-8.344980368770571,inside
-8.344980368770571,insightful
-8.344980368770571,insinuate
-8.344980368770571,inspiration
-8.344980368770571,insprire
-8.344980368770571,instance
-8.344980368770571,instead
-8.344980368770571,instill
-8.344980368770571,instinctively
-8.344980368770571,insult
-8.344980368770571,intend
-8.344980368770571,intense
-8.344980368770571,intensely
-8.344980368770571,intent
-8.344980368770571,intentionally
-8.344980368770571,interact
-8.344980368770571,interaction
-8.344980368770571,interested
-8.344980368770571,internet
-8.344980368770571,interval
-8.344980368770571,intervene
-8.344980368770571,interview
-8.344980368770571,intimacy
-8.344980368770571,intimate
-8.344980368770571,introduce
-8.344980368770571,intrude
-8.344980368770571,intrusion
-8.344980368770571,invasiveness
-8.344980368770571,invite
-8.344980368770571,involve
-8.344980368770571,ip
-8.344980368770571,ipad
-8.344980368770571,ipod
-8.344980368770571,irritate
-8.344980368770571,issue
-8.344980368770571,item
-8.344980368770571,iv
-8.344980368770571,iverson
-8.344980368770571,jab
-8.344980368770571,jamaica
-8.344980368770571,japan
-8.344980368770571,jealous
-8.344980368770571,jealousy
-8.344980368770571,ji
-8.344980368770571,jk
-8.344980368770571,job
-8.344980368770571,join
-8.344980368770571,joke
-8.344980368770571,journey
-8.344980368770571,joy
-8.344980368770571,joyful
-8.344980368770571,judge
-8.344980368770571,jump
-8.344980368770571,junior
-8.344980368770571,kayaking
-8.344980368770571,keep
-8.344980368770571,kick
-8.344980368770571,kid
-8.344980368770571,kill
-8.344980368770571,kindergarten
-8.344980368770571,kinesiology
-8.344980368770571,king
-8.344980368770571,kiss
-8.344980368770571,kitchen
-8.344980368770571,knee
-8.344980368770571,knife
-8.344980368770571,kung
-8.344980368770571,lab
-8.344980368770571,lack
-8.344980368770571,lady
-8.344980368770571,lake
-8.344980368770571,land
-8.344980368770571,landlord
-8.344980368770571,lane
-8.344980368770571,language
-8.344980368770571,lap
-8.344980368770571,laptop
-8.344980368770571,large
-8.344980368770571,las
-8.344980368770571,lash
-8.344980368770571,last
-8.344980368770571,late
-8.344980368770571,lately
-8.344980368770571,laugh
-8.344980368770571,launch
-8.344980368770571,laundry
-8.344980368770571,lay
-8.344980368770571,lead
-8.344980368770571,lean
-8.344980368770571,leave
-8.344980368770571,lego
-8.344980368770571,legos
-8.344980368770571,lengthy
-8.344980368770571,lesson
-8.344980368770571,let
-8.344980368770571,letter
-8.344980368770571,library
-8.344980368770571,lidi
-8.344980368770571,lie
-8.344980368770571,light
-8.344980368770571,lightsaber
-8.344980368770571,likely
-8.344980368770571,lime
-8.344980368770571,line
-8.344980368770571,lines
-8.344980368770571,list
-8.344980368770571,lit
-8.344980368770571,little
-8.344980368770571,live
-8.344980368770571,living
-8.344980368770571,lke
-8.344980368770571,local
-8.344980368770571,locate
-8.344980368770571,location
-8.344980368770571,lock
-8.344980368770571,london
-8.344980368770571,loneliness
-8.344980368770571,lonely
-8.344980368770571,long
-8.344980368770571,lonliness
-8.344980368770571,look
-8.344980368770571,loop
-8.344980368770571,loose
-8.344980368770571,lord
-8.344980368770571,lose
-8.344980368770571,loss
-8.344980368770571,loud
-8.344980368770571,lounge
-8.344980368770571,love
-8.344980368770571,lover
-8.344980368770571,low
-8.344980368770571,lunch
-8.344980368770571,lung
-8.344980368770571,mad
-8.344980368770571,main
-8.344980368770571,mainly
-8.344980368770571,maintain
-8.344980368770571,major
-8.344980368770571,majority
-8.344980368770571,make
-8.344980368770571,makeup
-8.344980368770571,malaysia
-8.344980368770571,male
-8.344980368770571,malevolent
-8.344980368770571,mall
-8.344980368770571,malone
-8.344980368770571,man
-8.344980368770571,manage
-8.344980368770571,manager
-8.344980368770571,manipulate
-8.344980368770571,manipulative
-8.344980368770571,manner
-8.344980368770571,mannerism
-8.344980368770571,march
-8.344980368770571,mark
-8.344980368770571,marriage
-8.344980368770571,massive
-8.344980368770571,matching
-8.344980368770571,matter
-8.344980368770571,maybe
-8.344980368770571,maze
-8.344980368770571,mcdonalds
-8.344980368770571,mean
-8.344980368770571,medical
-8.344980368770571,medication
-8.344980368770571,medium
-8.344980368770571,meet
-8.344980368770571,meeting
-8.344980368770571,melancholy
-8.344980368770571,member
-8.344980368770571,memorable
-8.344980368770571,memories
-8.344980368770571,mend
-8.344980368770571,mentally
-8.344980368770571,mention
-8.344980368770571,merely
-8.344980368770571,mess
-8.344980368770571,message
-8.344980368770571,messy
-8.344980368770571,mid
-8.344980368770571,middle
-8.344980368770571,migration
-8.344980368770571,mikisew
-8.344980368770571,mildly
-8.344980368770571,milestone
-8.344980368770571,milk
-8.344980368770571,minor
-8.344980368770571,minute
-8.344980368770571,miraculously
-8.344980368770571,mischief
-8.344980368770571,misconduct
-8.344980368770571,misrepresent
-8.344980368770571,mistake
-8.344980368770571,mistakenly
-8.344980368770571,mistreat
-8.344980368770571,mistreatment
-8.344980368770571,misunderstanding
-8.344980368770571,mix
-8.344980368770571,moderately
-8.344980368770571,mom
-8.344980368770571,money
-8.344980368770571,monkey
-8.344980368770571,month
-8.344980368770571,montreal
-8.344980368770571,mood
-8.344980368770571,morning
-8.344980368770571,mother
-8.344980368770571,motion
-8.344980368770571,motivation
-8.344980368770571,mountain
-8.344980368770571,mourn
-8.344980368770571,movement
-8.344980368770571,movie
-8.344980368770571,muffin
-8.344980368770571,mug
-8.344980368770571,multiple
-8.344980368770571,mum
-8.344980368770571,music
-8.344980368770571,muster
-8.344980368770571,mutual
-8.344980368770571,mutually
-8.344980368770571,nano
-8.344980368770571,nap
-8.344980368770571,napping
-8.344980368770571,nasty
-8.344980368770571,national
-8.344980368770571,naturally
-8.344980368770571,nature
-8.344980368770571,nauseous
-8.344980368770571,near
-8.344980368770571,necessarily
-8.344980368770571,neck
-8.344980368770571,need
-8.344980368770571,needle
-8.344980368770571,needless
-8.344980368770571,negative
-8.344980368770571,negatively
-8.344980368770571,neighborhood
-8.344980368770571,neighbour
-8.344980368770571,nervous
-8.344980368770571,neurodiverse
-8.344980368770571,neutral
-8.344980368770571,new
-8.344980368770571,news
-8.344980368770571,niagara
-8.344980368770571,nice
-8.344980368770571,nickname
-8.344980368770571,niece
-8.344980368770571,nigeria
-8.344980368770571,ninth
-8.344980368770571,normal
-8.344980368770571,normally
-8.344980368770571,north
-8.344980368770571,nose
-8.344980368770571,nostalgia
-8.344980368770571,nostalgic
-8.344980368770571,note
-8.344980368770571,notice
-8.344980368770571,novel
-8.344980368770571,number
-8.344980368770571,numbs
-8.344980368770571,nurse
-8.344980368770571,obey
-8.344980368770571,object
-8.344980368770571,observer
-8.344980368770571,obstacle
-8.344980368770571,occasion
-8.344980368770571,occasional
-8.344980368770571,occasionally
-8.344980368770571,occurrence
-8.344980368770571,ocean
-8.344980368770571,offensive
-8.344980368770571,office
-8.344980368770571,officially
-8.344980368770571,okay
-8.344980368770571,oncoming
-8.344980368770571,one
-8.344980368770571,online
-8.344980368770571,ontario
-8.344980368770571,op
-8.344980368770571,open
-8.344980368770571,operating
-8.344980368770571,opinion
-8.344980368770571,opportunity
-8.344980368770571,opposite
-8.344980368770571,optional
-8.344980368770571,orange
-8.344980368770571,orchestrated
-8.344980368770571,order
-8.344980368770571,organize
-8.344980368770571,orientation
-8.344980368770571,origami
-8.344980368770571,original
-8.344980368770571,ostrich
-8.344980368770571,ouch
-8.344980368770571,outburst
-8.344980368770571,outcome
-8.344980368770571,outdoor
-8.344980368770571,outdoors
-8.344980368770571,outer
-8.344980368770571,outfit
-8.344980368770571,outline
-8.344980368770571,outlook
-8.344980368770571,outside
-8.344980368770571,overall
-8.344980368770571,overlook
-8.344980368770571,overnight
-8.344980368770571,overwhelmed
-8.344980368770571,owe
-8.344980368770571,owner
-8.344980368770571,pain
-8.344980368770571,painful
-8.344980368770571,paint
-8.344980368770571,paper
-8.344980368770571,par
-8.344980368770571,parade
-8.344980368770571,paralyzed
-8.344980368770571,paramedic
-8.344980368770571,paramedics
-8.344980368770571,paranoia
-8.344980368770571,parent
-8.344980368770571,parenting
-8.344980368770571,park
-8.344980368770571,part
-8.344980368770571,participate
-8.344980368770571,participation
-8.344980368770571,particular
-8.344980368770571,particularly
-8.344980368770571,partner
-8.344980368770571,party
-8.344980368770571,passenger
-8.344980368770571,passing
-8.344980368770571,passion
-8.344980368770571,passionate
-8.344980368770571,password
-8.344980368770571,path
-8.344980368770571,patrick
-8.344980368770571,pause
-8.344980368770571,payment
-8.344980368770571,pcl
-8.344980368770571,pedophile
-8.344980368770571,peer
-8.344980368770571,penalize
-8.344980368770571,pep
-8.344980368770571,perceive
-8.344980368770571,perception
-8.344980368770571,perfectly
-8.344980368770571,performance
-8.344980368770571,performer
-8.344980368770571,period
-8.344980368770571,permission
-8.344980368770571,persistent
-8.344980368770571,person
-8.344980368770571,persona
-8.344980368770571,personality
-8.344980368770571,personally
-8.344980368770571,perspective
-8.344980368770571,persuasive
-8.344980368770571,petting
-8.344980368770571,philippines
-8.344980368770571,phone
-8.344980368770571,photo
-8.344980368770571,photographer
-8.344980368770571,physical
-8.344980368770571,physically
-8.344980368770571,pianist
-8.344980368770571,piano
-8.344980368770571,pic
-8.344980368770571,pick
-8.344980368770571,picking
-8.344980368770571,pickup
-8.344980368770571,picture
-8.344980368770571,picturesque
-8.344980368770571,piece
-8.344980368770571,pill
-8.344980368770571,pillow
-8.344980368770571,piss
-8.344980368770571,pitch
-8.344980368770571,place
-8.344980368770571,placement
-8.344980368770571,plaid
-8.344980368770571,plan
-8.344980368770571,plane
-8.344980368770571,plant
-8.344980368770571,plate
-8.344980368770571,plausible
-8.344980368770571,play
-8.344980368770571,playfully
-8.344980368770571,playground
-8.344980368770571,playing
-8.344980368770571,playlist
-8.344980368770571,pleasant
-8.344980368770571,plug
-8.344980368770571,pm
-8.344980368770571,point
-8.344980368770571,police
-8.344980368770571,policy
-8.344980368770571,polite
-8.344980368770571,ponder
-8.344980368770571,pool
-8.344980368770571,poor
-8.344980368770571,poorly
-8.344980368770571,popcorn
-8.344980368770571,popeyes
-8.344980368770571,popular
-8.344980368770571,popup
-8.344980368770571,porch
-8.344980368770571,portion
-8.344980368770571,portugal
-8.344980368770571,pose
-8.344980368770571,position
-8.344980368770571,positive
-8.344980368770571,possible
-8.344980368770571,possibly
-8.344980368770571,post
-8.344980368770571,pot
-8.344980368770571,potter
-8.344980368770571,pour
-8.344980368770571,practice
-8.344980368770571,practicing
-8.344980368770571,praise
-8.344980368770571,prank
-8.344980368770571,predict
-8.344980368770571,pregnancy
-8.344980368770571,pregnant
-8.344980368770571,prematurely
-8.344980368770571,premiere
-8.344980368770571,premise
-8.344980368770571,prepare
-8.344980368770571,presence
-8.344980368770571,presentation
-8.344980368770571,press
-8.344980368770571,pressure
-8.344980368770571,pretty
-8.344980368770571,prevent
-8.344980368770571,previous
-8.344980368770571,previously
-8.344980368770571,primarily
-8.344980368770571,primary
-8.344980368770571,principle
-8.344980368770571,prior
-8.344980368770571,probably
-8.344980368770571,problem
-8.344980368770571,procedure
-8.344980368770571,proceed
-8.344980368770571,process
-8.344980368770571,production
-8.344980368770571,productiveness
-8.344980368770571,professional
-8.344980368770571,program
-8.344980368770571,progressively
-8.344980368770571,project
-8.344980368770571,prolong
-8.344980368770571,prom
-8.344980368770571,prominent
-8.344980368770571,promise
-8.344980368770571,promote
-8.344980368770571,prompt
-8.344980368770571,properly
-8.344980368770571,proud
-8.344980368770571,provide
-8.344980368770571,province
-8.344980368770571,provincial
-8.344980368770571,provoke
-8.344980368770571,proximity
-8.344980368770571,psychologically
-8.344980368770571,psychology
-8.344980368770571,ptsd
-8.344980368770571,public
-8.344980368770571,pull
-8.344980368770571,punch
-8.344980368770571,punish
-8.344980368770571,puppy
-8.344980368770571,purposely
-8.344980368770571,pursue
-8.344980368770571,push
-8.344980368770571,put
-8.344980368770571,puzzle
-8.344980368770571,quad
-8.344980368770571,quadriplegia
-8.344980368770571,quality
-8.344980368770571,quarry
-8.344980368770571,quebec
-8.344980368770571,queen
-8.344980368770571,quickly
-8.344980368770571,quiet
-8.344980368770571,quote
-8.344980368770571,racer
-8.344980368770571,radio
-8.344980368770571,rain
-8.344980368770571,rainy
-8.344980368770571,raise
-8.344980368770571,ram
-8.344980368770571,ran
-8.344980368770571,random
-8.344980368770571,rarely
-8.344980368770571,ray
-8.344980368770571,reach
-8.344980368770571,react
-8.344980368770571,reaction
-8.344980368770571,reading
-8.344980368770571,ready
-8.344980368770571,reality
-8.344980368770571,realization
-8.344980368770571,rear
-8.344980368770571,rearview
-8.344980368770571,reasoning
-8.344980368770571,reassure
-8.344980368770571,recalling
-8.344980368770571,receive
-8.344980368770571,recent
-8.344980368770571,recess
-8.344980368770571,reciprocate
-8.344980368770571,recital
-8.344980368770571,reckless
-8.344980368770571,recognize
-8.344980368770571,recollect
-8.344980368770571,reconcile
-8.344980368770571,reconsider
-8.344980368770571,recount
-8.344980368770571,recover
-8.344980368770571,recurrently
-8.344980368770571,red
-8.344980368770571,reevaluate
-8.344980368770571,reference
-8.344980368770571,refresh
-8.344980368770571,refuse
-8.344980368770571,regard
-8.344980368770571,regret
-8.344980368770571,regular
-8.344980368770571,regularly
-8.344980368770571,rejection
-8.344980368770571,relate
-8.344980368770571,related
-8.344980368770571,relation
-8.344980368770571,relational
-8.344980368770571,relationship
-8.344980368770571,relative
-8.344980368770571,relax
-8.344980368770571,relaxed
-8.344980368770571,release
-8.344980368770571,relief
-8.344980368770571,relive
-8.344980368770571,remain
-8.344980368770571,reminder
-8.344980368770571,reminisce
-8.344980368770571,remove
-8.344980368770571,rend
-8.344980368770571,renovate
-8.344980368770571,rent
-8.344980368770571,reoccur
-8.344980368770571,reoccurre
-8.344980368770571,reoccurring
-8.344980368770571,repeat
-8.344980368770571,repeatedly
-8.344980368770571,repetitive
-8.344980368770571,replay
-8.344980368770571,replicate
-8.344980368770571,reply
-8.344980368770571,repress
-8.344980368770571,reproduce
-8.344980368770571,request
-8.344980368770571,require
-8.344980368770571,requirement
-8.344980368770571,resent
-8.344980368770571,residence
-8.344980368770571,residential
-8.344980368770571,resolve
-8.344980368770571,resort
-8.344980368770571,respectfully
-8.344980368770571,responsible
-8.344980368770571,rest
-8.344980368770571,resting
-8.344980368770571,result
-8.344980368770571,resurface
-8.344980368770571,resurfacing
-8.344980368770571,retarded
-8.344980368770571,retelling
-8.344980368770571,rethink
-8.344980368770571,retina
-8.344980368770571,retrieve
-8.344980368770571,return
-8.344980368770571,reunite
-8.344980368770571,revolve
-8.344980368770571,rib
-8.344980368770571,ride
-8.344980368770571,ridiculous
-8.344980368770571,ring
-8.344980368770571,rink
-8.344980368770571,ripple
-8.344980368770571,risk
-8.344980368770571,road
-8.344980368770571,rock
-8.344980368770571,romantic
-8.344980368770571,romantically
-8.344980368770571,roof
-8.344980368770571,room
-8.344980368770571,roommate
-8.344980368770571,root
-8.344980368770571,rope
-8.344980368770571,rotisserie
-8.344980368770571,rough
-8.344980368770571,roundabout
-8.344980368770571,route
-8.344980368770571,routine
-8.344980368770571,rubix
-8.344980368770571,rude
-8.344980368770571,rugby
-8.344980368770571,rule
-8.344980368770571,rumble
-8.344980368770571,run
-8.344980368770571,rush
-8.344980368770571,sabotage
-8.344980368770571,sad
-8.344980368770571,sadden
-8.344980368770571,sadness
-8.344980368770571,safe
-8.344980368770571,sale
-8.344980368770571,salmon
-8.344980368770571,salsa
-8.344980368770571,saltwater
-8.344980368770571,sapu
-8.344980368770571,sauce
-8.344980368770571,saw
-8.344980368770571,say
-8.344980368770571,scar
-8.344980368770571,scare
-8.344980368770571,scared
-8.344980368770571,scarf
-8.344980368770571,scary
-8.344980368770571,scatter
-8.344980368770571,scenario
-8.344980368770571,scene
-8.344980368770571,scenery
-8.344980368770571,scent
-8.344980368770571,scholarship
-8.344980368770571,school
-8.344980368770571,schoolwork
-8.344980368770571,science
-8.344980368770571,scold
-8.344980368770571,score
-8.344980368770571,scotland
-8.344980368770571,scramble
-8.344980368770571,scrape
-8.344980368770571,scratch
-8.344980368770571,scream
-8.344980368770571,scrutinize
-8.344980368770571,sea
-8.344980368770571,search
-8.344980368770571,seat
-8.344980368770571,second
-8.344980368770571,section
-8.344980368770571,secure
-8.344980368770571,security
-8.344980368770571,see
-8.344980368770571,seizure
-8.344980368770571,selection
-8.344980368770571,self
-8.344980368770571,sell
-8.344980368770571,semi
-8.344980368770571,semifinal
-8.344980368770571,send
-8.344980368770571,senior
-8.344980368770571,sensory
-8.344980368770571,separate
-8.344980368770571,sequence
-8.344980368770571,series
-8.344980368770571,session
-8.344980368770571,set
-8.344980368770571,setting
-8.344980368770571,settle
-8.344980368770571,severe
-8.344980368770571,sex
-8.344980368770571,sexual
-8.344980368770571,sexually
-8.344980368770571,shake
-8.344980368770571,shakespeare
-8.344980368770571,shakira
-8.344980368770571,shape
-8.344980368770571,shatter
-8.344980368770571,ship
-8.344980368770571,shirt
-8.344980368770571,shisha
-8.344980368770571,shit
-8.344980368770571,shock
-8.344980368770571,shocked
-8.344980368770571,shoot
-8.344980368770571,shop
-8.344980368770571,shopping
-8.344980368770571,shortcoming
-8.344980368770571,shortly
-8.344980368770571,shoulder
-8.344980368770571,shout
-8.344980368770571,show
-8.344980368770571,shower
-8.344980368770571,sibling
-8.344980368770571,sick
-8.344980368770571,side
-8.344980368770571,sift
-8.344980368770571,sight
-8.344980368770571,sign
-8.344980368770571,significance
-8.344980368770571,significant
-8.344980368770571,significantly
-8.344980368770571,signing
-8.344980368770571,silent
-8.344980368770571,silently
-8.344980368770571,silly
-8.344980368770571,similar
-8.344980368770571,simply
-8.344980368770571,singing
-8.344980368770571,single
-8.344980368770571,sister
-8.344980368770571,skate
-8.344980368770571,ski
-8.344980368770571,skill
-8.344980368770571,skin
-8.344980368770571,skip
-8.344980368770571,sky
-8.344980368770571,sleep
-8.344980368770571,slide
-8.344980368770571,slingshot
-8.344980368770571,slip
-8.344980368770571,slit
-8.344980368770571,sloppy
-8.344980368770571,slow
-8.344980368770571,smart
-8.344980368770571,smell
-8.344980368770571,smile
-8.344980368770571,smirk
-8.344980368770571,smoke
-8.344980368770571,snap
-8.344980368770571,snapshot
-8.344980368770571,sneak
-8.344980368770571,snorkel
-8.344980368770571,snow
-8.344980368770571,snowfield
-8.344980368770571,snowy
-8.344980368770571,snuggle
-8.344980368770571,sober
-8.344980368770571,soccer
-8.344980368770571,social
-8.344980368770571,soda
-8.344980368770571,softball
-8.344980368770571,software
-8.344980368770571,solo
-8.344980368770571,solve
-8.344980368770571,somebody
-8.344980368770571,somewhat
-8.344980368770571,son
-8.344980368770571,soon
-8.344980368770571,sort
-8.344980368770571,sound
-8.344980368770571,soup
-8.344980368770571,sour
-8.344980368770571,south
-8.344980368770571,space
-8.344980368770571,span
-8.344980368770571,spare
-8.344980368770571,spark
-8.344980368770571,speak
-8.344980368770571,speaker
-8.344980368770571,special
-8.344980368770571,specially
-8.344980368770571,specifically
-8.344980368770571,speech
-8.344980368770571,spend
-8.344980368770571,spending
-8.344980368770571,spider
-8.344980368770571,spilt
-8.344980368770571,spin
-8.344980368770571,spoiled
-8.344980368770571,spontaneously
-8.344980368770571,sporadic
-8.344980368770571,sport
-8.344980368770571,sprain
-8.344980368770571,spring
-8.344980368770571,squander
-8.344980368770571,st
-8.344980368770571,stadium
-8.344980368770571,staff
-8.344980368770571,stage
-8.344980368770571,stain
-8.344980368770571,stair
-8.344980368770571,stance
-8.344980368770571,stand
-8.344980368770571,star
-8.344980368770571,stare
-8.344980368770571,start
-8.344980368770571,station
-8.344980368770571,stay
-8.344980368770571,stem
-8.344980368770571,step
-8.344980368770571,stereotype
-8.344980368770571,stick
-8.344980368770571,stimulate
-8.344980368770571,stimulated
-8.344980368770571,stimulus
-8.344980368770571,sting
-8.344980368770571,stitch
-8.344980368770571,stomach
-8.344980368770571,stop
-8.344980368770571,store
-8.344980368770571,storm
-8.344980368770571,story
-8.344980368770571,straight
-8.344980368770571,stranger
-8.344980368770571,strap
-8.344980368770571,strawberry
-8.344980368770571,streak
-8.344980368770571,street
-8.344980368770571,strengthen
-8.344980368770571,stress
-8.344980368770571,stressed
-8.344980368770571,stressful
-8.344980368770571,stretching
-8.344980368770571,stroke
-8.344980368770571,stroller
-8.344980368770571,strong
-8.344980368770571,strongly
-8.344980368770571,struggle
-8.344980368770571,student
-8.344980368770571,studio
-8.344980368770571,studios
-8.344980368770571,study
-8.344980368770571,stuff
-8.344980368770571,stupid
-8.344980368770571,style
-8.344980368770571,sub
-8.344980368770571,subconsciously
-8.344980368770571,subconsiously
-8.344980368770571,sublet
-8.344980368770571,subletter
-8.344980368770571,subsequent
-8.344980368770571,subside
-8.344980368770571,substantial
-8.344980368770571,success
-8.344980368770571,sudden
-8.344980368770571,suggestion
-8.344980368770571,suicidal
-8.344980368770571,suicide
-8.344980368770571,suit
-8.344980368770571,summer
-8.344980368770571,sun
-8.344980368770571,sunday
-8.344980368770571,sunny
-8.344980368770571,sunrise
-8.344980368770571,sunset
-8.344980368770571,super
-8.344980368770571,supermarket
-8.344980368770571,supply
-8.344980368770571,support
-8.344980368770571,supporter
-8.344980368770571,supportive
-8.344980368770571,supportless
-8.344980368770571,suppose
-8.344980368770571,surface
-8.344980368770571,surprise
-8.344980368770571,surprising
-8.344980368770571,surround
-8.344980368770571,surrounding
-8.344980368770571,suspend
-8.344980368770571,suv
-8.344980368770571,sweet
-8.344980368770571,swift
-8.344980368770571,swim
-8.344980368770571,swimming
-8.344980368770571,swing
-8.344980368770571,table
-8.344980368770571,tadpole
-8.344980368770571,talent
-8.344980368770571,tang
-8.344980368770571,task
-8.344980368770571,taste
-8.344980368770571,taylor
-8.344980368770571,td
-8.344980368770571,teach
-8.344980368770571,teacher
-8.344980368770571,team
-8.344980368770571,tear
-8.344980368770571,tease
-8.344980368770571,technically
-8.344980368770571,technique
-8.344980368770571,teen
-8.344980368770571,teenager
-8.344980368770571,telescope
-8.344980368770571,television
-8.344980368770571,tell
-8.344980368770571,temperamental
-8.344980368770571,temperature
-8.344980368770571,temporary
-8.344980368770571,tenant
-8.344980368770571,tend
-8.344980368770571,tender
-8.344980368770571,tennis
-8.344980368770571,tense
-8.344980368770571,tension
-8.344980368770571,term
-8.344980368770571,terrible
-8.344980368770571,terrify
-8.344980368770571,terror
-8.344980368770571,test
-8.344980368770571,text
-8.344980368770571,tham
-8.344980368770571,thankful
-8.344980368770571,theater
-8.344980368770571,theatrical
-8.344980368770571,theist
-8.344980368770571,theme
-8.344980368770571,therapy
-8.344980368770571,thew
-8.344980368770571,thigh
-8.344980368770571,thin
-8.344980368770571,thinking
-8.344980368770571,thoought
-8.344980368770571,threaten
-8.344980368770571,thrill
-8.344980368770571,throw
-8.344980368770571,thunderstorm
-8.344980368770571,tie
-8.344980368770571,till
-8.344980368770571,tilt
-8.344980368770571,timely
-8.344980368770571,tiny
-8.344980368770571,tipsy
-8.344980368770571,today
-8.344980368770571,tone
-8.344980368770571,toothpick
-8.344980368770571,torment
-8.344980368770571,toronto
-8.344980368770571,torture
-8.344980368770571,total
-8.344980368770571,touch
-8.344980368770571,tough
-8.344980368770571,tournament
-8.344980368770571,town
-8.344980368770571,toy
-8.344980368770571,traffic
-8.344980368770571,tragic
-8.344980368770571,trailer
-8.344980368770571,train
-8.344980368770571,training
-8.344980368770571,tramatic
-8.344980368770571,transit
-8.344980368770571,transpire
-8.344980368770571,transport
-8.344980368770571,trap
-8.344980368770571,trauma
-8.344980368770571,traumatic
-8.344980368770571,traumatizing
-8.344980368770571,travel
-8.344980368770571,tray
-8.344980368770571,treat
-8.344980368770571,treatment
-8.344980368770571,tree
-8.344980368770571,trigger
-8.344980368770571,trip
-8.344980368770571,trouble
-8.344980368770571,truck
-8.344980368770571,true
-8.344980368770571,trumpet
-8.344980368770571,trust
-8.344980368770571,tryout
-8.344980368770571,tub
-8.344980368770571,turbulence
-8.344980368770571,turkey
-8.344980368770571,turn
-8.344980368770571,tutor
-8.344980368770571,tv
-8.344980368770571,twice
-8.344980368770571,twin
-8.344980368770571,type
-8.344980368770571,typical
-8.344980368770571,typically
-8.344980368770571,ultimate
-8.344980368770571,ultimately
-8.344980368770571,unable
-8.344980368770571,unacceptable
-8.344980368770571,unannounced
-8.344980368770571,unaware
-8.344980368770571,uncalled
-8.344980368770571,uncertain
-8.344980368770571,uncle
-8.344980368770571,uncomfortable
-8.344980368770571,unconscious
-8.344980368770571,unconsciously
-8.344980368770571,uncontrollably
-8.344980368770571,undergo
-8.344980368770571,undergrad
-8.344980368770571,underneath
-8.344980368770571,understand
-8.344980368770571,understandable
-8.344980368770571,undesirable
-8.344980368770571,unethical
-8.344980368770571,unexpected
-8.344980368770571,unexpectedly
-8.344980368770571,unfold
-8.344980368770571,unforgettable
-8.344980368770571,unfortunately
-8.344980368770571,unfunny
-8.344980368770571,ungrateful
-8.344980368770571,unhappy
-8.344980368770571,unhealthy
-8.344980368770571,unintentionally
-8.344980368770571,unique
-8.344980368770571,unite
-8.344980368770571,universal
-8.344980368770571,university
-8.344980368770571,unknown
-8.344980368770571,unlike
-8.344980368770571,unlucky
-8.344980368770571,unpleasant
-8.344980368770571,unrequited
-8.344980368770571,unresolved
-8.344980368770571,unsafe
-8.344980368770571,unsettling
-8.344980368770571,unsolved
-8.344980368770571,untouched
-8.344980368770571,unveil
-8.344980368770571,unwanted
-8.344980368770571,up
-8.344980368770571,upcoming
-8.344980368770571,upset
-8.344980368770571,upsetting
-8.344980368770571,use
-8.344980368770571,uw
-8.344980368770571,vacation
-8.344980368770571,vague
-8.344980368770571,valentines
-8.344980368770571,valid
-8.344980368770571,vampire
-8.344980368770571,varsity
-8.344980368770571,ve
-8.344980368770571,vegas
-8.344980368770571,vegetable
-8.344980368770571,vein
-8.344980368770571,vendeta
-8.344980368770571,venerable
-8.344980368770571,verbal
-8.344980368770571,verbally
-8.344980368770571,versa
-8.344980368770571,vice
-8.344980368770571,victim
-8.344980368770571,victimize
-8.344980368770571,video
-8.344980368770571,view
-8.344980368770571,village
-8.344980368770571,violate
-8.344980368770571,violence
-8.344980368770571,virginity
-8.344980368770571,visibility
-8.344980368770571,vision
-8.344980368770571,visit
-8.344980368770571,visual
-8.344980368770571,visualize
-8.344980368770571,vivd
-8.344980368770571,vivid
-8.344980368770571,vividly
-8.344980368770571,voice
-8.344980368770571,volatile
-8.344980368770571,voluntary
-8.344980368770571,volunteer
-8.344980368770571,vomit
-8.344980368770571,vulgar
-8.344980368770571,vulnerable
-8.344980368770571,wait
-8.344980368770571,waitress
-8.344980368770571,waka
-8.344980368770571,wake
-8.344980368770571,walk
-8.344980368770571,walking
-8.344980368770571,wall
-8.344980368770571,wander
-8.344980368770571,ward
-8.344980368770571,warm
-8.344980368770571,warmth
-8.344980368770571,warning
-8.344980368770571,wars
-8.344980368770571,washroom
-8.344980368770571,waste
-8.344980368770571,watch
-8.344980368770571,water
-8.344980368770571,waterloo
-8.344980368770571,wave
-8.344980368770571,weak
-8.344980368770571,wear
-8.344980368770571,weather
-8.344980368770571,wedding
-8.344980368770571,week
-8.344980368770571,weekday
-8.344980368770571,weekend
-8.344980368770571,weekly
-8.344980368770571,weird
-8.344980368770571,western
-8.344980368770571,whip
-8.344980368770571,whiskey
-8.344980368770571,white
-8.344980368770571,wife
-8.344980368770571,wii
-8.344980368770571,win
-8.344980368770571,wind
-8.344980368770571,window
-8.344980368770571,wine
-8.344980368770571,winter
-8.344980368770571,wish
-8.344980368770571,withhold
-8.344980368770571,witness
-8.344980368770571,wo
-8.344980368770571,woman
-8.344980368770571,wonder
-8.344980368770571,wooden
-8.344980368770571,work
-8.344980368770571,world
-8.344980368770571,worry
-8.344980368770571,worrying
-8.344980368770571,worth
-8.344980368770571,worthless
-8.344980368770571,worthy
-8.344980368770571,wound
-8.344980368770571,wrist
-8.344980368770571,writing
-8.344980368770571,wrong
-8.344980368770571,xbox
-8.344980368770571,yard
-8.344980368770571,year
-8.344980368770571,yearbook
-8.344980368770571,yearn
-8.344980368770571,yell
-8.344980368770571,yelling
-8.344980368770571,yellow
-8.344980368770571,yes
-8.344980368770571,yesterday
-8.344980368770571,york
-8.344980368770571,young
-8.344980368770571,youth
-8.344980368770571,youtube
-8.344980368770571,zone
-8.344980368770571,zoo
-8.344980368770571,zumba
-7.651833188210626,ability
-7.651833188210626,accurate
-7.651833188210626,adventure
-7.651833188210626,affect
-7.651833188210626,asleep
-7.651833188210626,box
-7.651833188210626,call
-7.651833188210626,chapter
-7.651833188210626,circumstance
-7.651833188210626,class
-7.651833188210626,connect
-7.651833188210626,de
-7.651833188210626,dejavu
-7.651833188210626,desire
-7.651833188210626,different
-7.651833188210626,effort
-7.651833188210626,embark
-7.651833188210626,especially
-7.651833188210626,example
-7.651833188210626,excitement
-7.651833188210626,fall
-7.651833188210626,find
-7.651833188210626,fine
-7.651833188210626,foggy
-7.651833188210626,form
-7.651833188210626,free
-7.651833188210626,gain
-7.651833188210626,go
-7.651833188210626,good
-7.651833188210626,health
-7.651833188210626,ju
-7.651833188210626,learn
-7.651833188210626,lifestyle
-7.651833188210626,lot
-7.651833188210626,lyric
-7.651833188210626,mental
-7.651833188210626,min
-7.651833188210626,miss
-7.651833188210626,move
-7.651833188210626,night
-7.651833188210626,occur
-7.651833188210626,offer
-7.651833188210626,old
-7.651833188210626,perfect
-7.651833188210626,perform
-7.651833188210626,present
-7.651833188210626,private
-7.651833188210626,read
-7.651833188210626,realize
-7.651833188210626,reiterate
-7.651833188210626,remind
-7.651833188210626,reoccurance
-7.651833188210626,sensation
-7.651833188210626,share
-7.651833188210626,short
-7.651833188210626,simple
-7.651833188210626,sing
-7.651833188210626,situation
-7.651833188210626,slightly
-7.651833188210626,small
-7.651833188210626,solution
-7.651833188210626,spontaneous
-7.651833188210626,state
-7.651833188210626,thought
-7.651833188210626,truly
-7.651833188210626,unsure
-7.651833188210626,usually
-7.651833188210626,way
-7.651833188210626,word
-7.246368080102461,change
-7.246368080102461,come
-7.246368080102461,past
-7.246368080102461,respond
-7.246368080102461,sense
-7.246368080102461,totally
-6.7355424563364705,clearly
-6.7355424563364705,comfortable
-6.5532208995425165,current
-6.5532208995425165,prepared
-6.5532208995425165,resee
-6.5532208995425165,talk
-6.399070219715258,attack
-6.399070219715258,calm
-6.399070219715258,constant
-6.399070219715258,describe
-6.399070219715258,dim
-6.399070219715258,disclose
-6.399070219715258,fear
-6.399070219715258,head
-6.399070219715258,intrusive
-6.399070219715258,involuntary
-6.399070219715258,later
-6.399070219715258,panic
-6.399070219715258,restaurant
-6.265538827090735,recurrent
-6.265538827090735,sit
-6.265538827090735,specific
-6.265538827090735,tired
-6.147755791434351,away
-6.147755791434351,easy
-6.147755791434351,follow
-6.147755791434351,forget
-6.147755791434351,friend
-6.147755791434351,imagine
-6.147755791434351,information
-6.147755791434351,memorise
-6.147755791434351,pass
-6.147755791434351,reason
-6.147755791434351,repercussion
-6.147755791434351,sentence
-6.042395275776525,depressed
-6.042395275776525,instant
-6.042395275776525,take
-5.9470850959722,actually
-5.9470850959722,encounter
-5.9470850959722,feeling
-5.9470850959722,fill
-5.9470850959722,future
-5.9470850959722,real
-5.860073718982571,constantly
-5.860073718982571,decision
-5.860073718982571,decode
-5.860073718982571,environment
-5.860073718982571,have
-5.860073718982571,meaning
-5.860073718982571,personal
-5.860073718982571,randomly
-5.860073718982571,recur
-5.860073718982571,reflect
-5.860073718982571,tiresome
-5.780031011309035,hate
-5.780031011309035,people
-5.780031011309035,sorry
-5.780031011309035,write
-5.705923039155312,difficult
-5.705923039155312,japanese
-5.705923039155312,mind
-5.705923039155312,time
-5.705923039155312,want
-5.6369301676683605,bring
-5.6369301676683605,dark
-5.6369301676683605,decline
-5.6369301676683605,recently
-5.6369301676683605,recollection
-5.6369301676683605,suddenly
-5.6369301676683605,topic
-5.5723916465307894,anxious
-5.5723916465307894,cause
-5.5723916465307894,flashback
-5.511767024714355,answer
-5.511767024714355,ask
-5.4546086108744065,pop
-5.4546086108744065,question
-5.4546086108744065,recall
-5.400541389604131,deja
-5.400541389604131,well
-5.349248095216581,survey
-5.349248095216581,vu
-5.209486152841421,think
-5.166926538422626,kind
-5.12610454390237,listen
-5.12610454390237,song
-5.086883830749089,right
-5.086883830749089,try
-4.9776845387840964,nt
-4.910993164285425,life
-4.879244465970844,prefer
-4.848472807304091,sure
-4.8186198441544095,dream
-4.789632307281158,feel
-4.789632307281158,moment
-4.707394209044185,event
-4.538317879000251,thing
-4.494832767060513,know
-4.3376471835381,like
-3.9755325163035495,happen
-3.5658568756590414,memory
-2.95590863895407,remember
